source_code_group_id,nsource_code_group_id
1,INVALID
2,UNKNOWN
101,seo-pdp
201,SRPXLANCOME
202,seo-hp
301,campagnemasking
302,snapcollectiontop4
66701,CRM_TR_SD30
501,beautyaddict
502,giftfinder-forher
503,seeker
203,charismatic
504,seducer
601,giftfinder-forhim
303,idole*
701,rockglamour
801,beauteprivee
901,jodie
1001,diane
1101,yasmine
1102,VIPLancomeFDM*
1103,brand_email
1201,skincare-source
1301,FREESHIP
1401,hero-banner-desktop
1501,mercinpspp
1601,ES_LAC_30-3_landinghola
1701,E2-BNL-DEC-2019-VEEPEE
1801,LIFE
1901,opium
2001,KIE_FR_202004_INF4
2002,BEAUTYVIP
2101,campagnesnap
2201,udcesvp
2301,FRENCHY
2401,DIVERGENT
2501,vipblackfriday
2601,KIE_ES_DNR_set-eyes
2701,showroomprivee
2801,DE_srcNewsletter
2802,KIE_ES_DMS-hidratacion
2901,KIE_FR_202004_INF3
2902,SALES
3001,showroomprive
3101,KIE_ES_DNR_set-serum
3201,cadeau
3301,fetedesmeres2020
3401,trigger_email
3402,bestloyal
3501,SPRING20
3601,venteprivee_february
3701,black-friday
3801,vipcybermonday
3901,sophisticated
3902,DE_srcGWP
4001,DIANEYSL
4101,SOSOYSL
4102,SABRINAYSL
4103,JODIEYSL
4002,DE_exklusiv
4201,influenceurs
4301,THEFRENCHWAYYSL
4401,DE_srcRosazeaSet
4501,YASMINEYSL
4601,spring
4701,ALICIAYSL
4801,VIPAccessLancome*
4901,VENUSYSL
5001,MUMMYFASTYSL
5002,CHARLOTTEYSL
5101,POUSSINEYSL
5201,LancomexDAZN
5301,CHRISTMAS
5401,GREYSOWHATYSL
5501,VICTORIAYSL
5502,APOLLINEYSL
5503,FIFTYYEARSYSL
5601,CHARLIEYSL
5701,CLAIREYSL
5801,KIE_FR_20200429-20200504_FRE
5901,viponly
6001,collectioncorps
6101,french
6201,joy
6301,veepee
6401,SHIP
6501,LANCOME20
6601,Veepee
6701,BEST
6801,RENTREE
6901,WINTER
7001,VIPAccessWinterSales*
7101,BIRTHDAY
7201,SPRING
7202,mobile
7301,ES-feb-San-Valentin-1
7401,BEAUTY
7501,BTAA
7601,preblackfriday
7701,KIE_ES_DNR_set-rare
7801,KIE_FR_20202705-20200602_FRE
67201,BP
7901,NL5ELOY
8001,calendarioDB*
8101,es-nov-blackfriday
8201,DE_srcKontrollgruppe
8301,ecentime
8401,ES-LAC-rutinahola4
8501,MOTHER
8502,RITUEL
8601,LANCOME25
8701,seo-clp
8801,ventes_privees
8901,homme
9001,beauty-moments
9101,saldiestivi*
9201,BLACK
9301,VIPAccess*
9401,KIE_FR_CONTINOUS_OB
9501,KIE_FR_CONTINOUS_CNO
9601,vente-privee
9701,HELLOESHOP
9801,KIE_FR_20200625-20200701_SRP
9901,KIE_FR_20200625-20200701_BP
10001,VEEPEE
10101,HELLOVIP
10201,E2-JUNE-F&F19
10301,GiftFinder-Dad
10401,GiftFinder-Colleague
10501,GiftFinder-Son
10502,GiftFinder-Mate
10601,GiftFinder-Teacher
10701,veepeemars2019
10801,FLASH
10901,KIE_FR_CONTINOUS_PC
11001,GiftFinder-Brother
11101,GiftFinder-Cousin
11201,WELCOME15
11301,blackopium
11401,KIE_FR_CONTINOUS_SP
11501,NL10LOY
11601,SUSANA10
11602,SOFIA10
11603,CAROLA10
11604,EUGENIA10
11605,MAR10
11606,CLAUDIA10
11607,MACARENA10
11608,VICKY10
11609,PAULA10
11701,VIP19
11801,SUMMER
11901,DE_srcAnti-Aging
12001,DE-50-Allnighter
12101,fidelite_magasin
12201,De-50-Nakedflush
12301,DE-40-Nakedpetiteheat
12302,DE-40-browpencil
12303,DE-40-moondust
12304,DE-50-Correctingconcealer
12401,ElixirRedAlgae
12501,BDAYVIPT
12601,chinesetravelers
12701,GiftFinder-Myself
12801,GiftFinder-Uncle
12901,BDAYVIPML 
12902,BDAYVIPCA
12903,WEMISSYOU1
12904,INSTITUT5
13001,TIUW_VP_20180201
13101,BTSAccessVIP
13201,SMTG
13301,TIUW
13401,GFIDOLE
13501,GFLVEBI
13601,GFGEN
13701,GFREN
13801,HAPPYDAY
13901,CARTEROSE
14001,GFTUIW
14101,GFTONIQUE
14102,GFHYDRA
14201,cfcontest*
14301,VEEPEEMRBIG
14302,VEEPEEHYPNOSE
14401,itlive
14501,ES-veepeeoctubre
14601,DE_KIE_exklusiv
14701,WMYT
14702,WMY20
14801,WMY20T
14901,DE_srcAnzeige
15001,ALERT
15101,menhealth
15201,sales
15301,fall
15401,AQPDeo72h
15501,BIOTHERM20
15601,reyes
15701,veepeebio
15801,20201116_FR_ACD_SKC_AP_BLACK
15901,E2-BLACKFRIDAY-VIP2020
16001,E2-F&F-JUNE19
16101,VEEPEECALENDRIER
16201,BLUEFRIDAY30
16301,BLUEFRIDAY1
16302,BLUEFRIDAY2
16303,BLUEFRIDAY3
16202,BLUEFRIDAY4
16401,BLUEFRIDAY2020
16501,BLUEFRIDAY24H
16601,BLUEFRIDAYVIP
16701,IT-Promo-BF-2020-DB-VIP
16801,Hypnose60
16901,BNL_BLACKFRIDAY_VIP_NOV20
17001,blackfriday-preview
17101,IT-Black-Friday-2020-VIP-DB
17201,PINK25
17301,BLUEDAYSVIP
17401,BLUEDAYS30
17402,BLUEDAYS1
17403,BLUEDAYS2
17404,BLUEDAYS3
17405,BLUEDAYS4
17406,BLUEDAYS5
17501,BLUEDAYS2020
17502,BLUEDAYS24H
17601,BLUEWEEK30
17701,BLUEWEEK2020
17801,BLUEWEEK1
17802,BLUEWEEK2
17803,BLUEWEEK3
17901,BLUEWEEK4
18001,IT-NOV-2020-BLACK-FRIDAY
18101,IT-Black-Friday-2020-VIP-I
18201,BLUEWEEKVIP
18301,BLUEWEEK6
18401,BLUEWEEK24H
18501,BLUEWEEK5
18601,IT-KIE-DEC-2020-HOLIDAYTOTE
18701,IT-Promo-XMAS-2020-VIP
18801,WELCOMEFID20
18901,MASCARA
19001,ROUTINE
19101,PRIVATE
19201,IT-KIE-2021-JAN-PRE-SALDI
19301,WELCOME20
19401,202101_FR_ACD_SKC_HB5
19501,GENIFIQUE30
19601,STFLASHIDOLE
19701,ADVANCEDGENIFIQUE30
19801,udvip
19901,itvip
20001,REPLIDOLE
20101,DE-Celebrateyourpowerset-40
20102,DE-Pinselset-40-012021
20201,DE-Celebrateyourskinset-40
20202,DE-Jenesaisquoi-40
20301,DE-Vitalitylipflush-50
20302,DE-Vitalitybuttergloss-50
20303,DE-Celebrationfoundation-50
20304,DE-Confidenceinyourglow-50
20401,WELCOME15B
20501,WELCOME10B
20601,IT-KIE-JAN-2021-WINTER-SALES
20701,PrivateSaleVIPLancome*
20801,WELCOME10A
20901,REPHYP
21001,REPGEN
21101,REPABS
21102,REPHYD
21201,REPTIUW
21301,REPIDOLE
21401,REPLAR
21302,REPREN
21501,SAS_STORE
21601,WMYLDGWP
21701,WMYLDGWP20
21801,WMYLD20
21901,202102_FR_ACD_SKC_AOX
22001,IT-KIE-2021-F&F-PROMO-SC
22101,SRP
22201,MVEFC
22301,IT-KIE-PROMO-3X2
22401,VenteFlashGenifique
22501,BIRTHDAYF
22601,BIRTHDAYH
22701,womensday
22801,ElixirBTmd
22901,ElixirAQSgel
23001,IT-KIE-MER-2021-WOMEN-WEEK-S
23101,STF15
23201,REPL15
23301,KIE-IT-2021-MAR-ONEYEAR
23401,KIE-IT-2021-MAR-FATHERDAY
23501,BDAYVIP1
23601,BDAYVIP3
23701,BDAYVIP2
23801,REPLVEB
23901,REPLNT
24001,MEMBRE
24101,KIE_FR_2021
24201,IT-Promo-GWP-Clio-Makeup-21
24301,IT-KIE-APR-2021-CAMIHAWKE-SO
24401,LDCY4O1
24501,LDCY4O3
24601,SRPXBIO
24701,LDCY4O2
24801,KIE_ES_19-4_5-5_Día-Madre-2
24901,ECONSULT
25001,BPUD
25101,SRPUD
25201,snapcollectionmask
25301,coco
25401,BOOXI
25501,DE-SRC-GNF30
25601,DE-SRC-GNFYEUXLIGHTPEARL30
25701,DE-SRC-GNFYEUX30
25702,DE-SRC-GNFTUCHMASKE30
25801,IT-KIE-MAY-2021-CLIOXKIHE-SO
25901,cavendishclinic
26001,Sloaneclinic
26101,BPXBIO
26201,showroomangeldecouverte
26301,FDMYSL
26401,showroomangelpassion
26501,IT-KIE-MAY-2021-FRIENDS-FAMI
26601,beautepriveeangelpassion
26701,LAC_UK_052021_CRM3for2
26801,beautepriveeangeldecouverte
26901,FRENCH
27001,IT-LAC-SUMMERDAYS-2021
27101,salesmen
27201,LAC_UK_08062021_16062021_She
27301,KIE_FR_20210607_BP
27401,WELCOME15A
27501,LAC_UK_062021_BOGOFAFF
27601,LAC_UK_062021_BOGOFCRM
27701,membres
27801,VPETE
27901,VenteFlashAG
28001,IT-KIE-JUN-2021-CAMIHAWKE-SO
28101,STF15BO
28102,STF15LI
28201,REP15RC
28301,STF15LNDH
28302,STF15MP
28401,STF15LH
28501,vip
28601,REP15LI
28701,REP15LT
28801,REP15MVEFC
28901,REP15BO
29001,REP15LNDH
28802,REP15LH
29101,Dean Gardner Aesthetics
29201,UD25ANS
29301,SRPETE
29401,AestheticBTN
29501,dean-gardner-aesthetics
29601,journeesprivileges21
29701,IT-COFANETTI-FERRAGOSTO
29801,CVD-Affiliates-exclusive
29901,ITC_UK_2021_08_07_14_luxemoo
30001,ARMANI_07-08-2021_DEALMOON
30101,UD_UK_CVD-DEALMOON
30201,YSL_UK_0708_CVD25OFF
30301,LAC_UK_29_07_TEST
30401,birthday_premium_femme
30402,birthday_premium_homme
30501,CRM-Private-exclusive
30601,LDCY6O3
30701,LDCY6O1
30801,LDCY6O2
30901,SURPRISE-BOX
31001,XMAS
31101,IT-KIE-SEP-2021-F&F-SC
31201,FRENCHDAYS
31301,exclusivity
31401,IT-KIE-SEP-2021-SUPER-FF
31501,IT-KIE-SEP-2021-4U-FF
31601,AVPFRENCHDAYS
31701,FRENCHVIP
31801,LDCY701
31802,LDCY703
31901,LDCY702
32001,es-envio-si-promo
32101,IT-KIE-OTT-2021-CAL-AVV
32201,SRPKIE
32301,FRIENDSFAMILY
32401,BPKIE
32501,IT-KIE-OTT-2021-VALERIA-SRC
32601,MEMBERS
32701,LRPVIP_BF
32801,SKC_EARLYACCESS_BF
32901,DEC_VIP_BF
32902,DEC_EARLYACCESS_BF
33001,LRPEARLYACCESS_BF
33101,Halloween21
33201,SOPHIERAVOIRE30
33202,SALOMEDEJOB30
33301,DORISBLANCPIN30
33302,DISRUPTIVEBEAUTE30
33401,LODOESMAKEUP30
33501,KATHYDHENIN30
33601,SONIASELAIRE30
33701,LALOGEDEGABRIELLE30
33801,SKC_VIP_BF
33901,LAC_UK_BOGOFCRM
34001,UDSOPHIE
34101,KTYD30
34201,OffreVIP21
34301,UDNABILLA
34401,es-envio-no-promo
34501,AMELIEUD
34601,BIOVEEPEE
34701,Goldfriday1
34801,BLUEDAYS
34901,SINGLEVIP
35001,ITDAYVIP
35101,ITSHOWROOM
35201,SINGLESDAY
35301,SD25
35401,neolane
35501,IT-KIE-NOV-2021-ANTE-BL-SC
35601,GOLDFRIDAY2
35701,PREBLACKFRIDAY
35801,single_day
35901,SingleDay_November
36001,BFSMS
36101,ARMANI_22-11-2021_BLUE_CRM
36102,ITC_UK_2021_11_21_CRM_BF_pre
36201,LAC_UK_2021_BF_CRM
36301,LAC_UK_BOGOFAFF
36401,LAC_UK_2021_BF_AFF
36501,PREBFAVP
36601,black-friday-2021-crm
36701,CALENDRIER15
36801,ARMANI_16-11-2021_BW_25%FRAG
36901,ARMANI_15-11-2021_BW_20%FRAG
37001,BLUEFRIDAY
37101,BLUEFRIDAY11
37201,ITBEAUTE
37301,BLUE30
37401,GOLDFRIDAY3
37501,BLUEVIP
37601,IT-LAC-BF-DB-2021-SC
37701,BLUEFRIDAY9
37801,LRPCOMMUNITY_BF
37901,ARMANI_22-11-2021_BLUE_AFF
38001,BLUEFRIDAY5
38101,BLUEFRIDAY13
38201,BLUEFRIDAY7
38202,BLUEFRIDAY6
38301,black_week
38401,BLUEFRIDAY10
38501,SKC_CRMNEW_BF
38601,BlackFriday_November
38701,SKC CRM New customers
38801,BFVIP
38901,ARMANI_BLUE_SEBINA
39001,ARMANI_BLUE_NAOKO
39101,BLUEFRIDAY12
39201,EXCLUBF
39301,BLUEFRIDAY8
39401,SKC_CRM_BF
39501,AVPBLACKFRIDAY
39601,ARMANI_BLUE_CHER
39701,BLUEFRIDAY14
39801,ARMANI_BLUE_INTHEFROW
39901,LDCY7O2
40001,LDCY7O1
40101,LDCY7O3
40201,CRMCYBERMONDAY
40301,CYBERMONDAY
40401,03/05/12_ICONS_CRM
40501,06/12/21_CRM_BEAUTYMOMENTS
40601,MAESTRO
40701,6_miniatures
40801,2_miniatures
40901,03/05/12_ICONS_AFFILIATES
41001,VIP30
41101,ARMANI_1212_SOURCECODE
41201,BEAUTYMOMENTS
41301,Decleor_CRMExclusive_Jan
41401,IT-KIE-DIC-2021-URBAN-SC
41501,SkinC_CRMExclusive_Jan
41601,LorealTestExpertly
41701,Special Price NL 2022
41801,26/12/12_BOXINGDAY_AFF_SOURC
41901,CRMNOEL21
42001,avpsoldes
42101,LRP_CRMExclusive_Jan
42201,FULLCALENDRIER21
42301,CRM_OFFREFLASH
42401,SkinC_PhytoNPD_Launch
42501,CRM_RETENTIONNL
42601,CRM_RETENTIONMEDIA
42701,SHOWROOM
78501,aya
42801,CRM_OFFRE_EXCLUSIVE
42901,BEAUTE
43001,CRM_ETUDEPROSPECTS
43101,phyto_a
43201,11/02/22_VDAY_AFFILIATES
43301,IT-KIE-FEB-2022-FEB21-FF-SC
43401,LANCOMEFAMILY1
43402,LANCOMEFAMILY2
43501,AVPFRIENDFAMILY
43601,CRM_JEU_BLACK_OPIUM
43701,ffm22
43801,CRM_TR_BDAYH
43901,CRM_TR_BDAYF
44001,journeesprivileges
44101,CRM_TR_REPLC15
44201,SELFLOVE1
44301,SELFLOVE2
44401,CRM_TR_BDAYVP1
44402,CRM_TR_BDAYVP2
44403,CRM_TR_BDAYVP3
44501,JOURS_MEMBRESNL
44601,JOURS_MEMBRESMEDIA
44701,AVPSPRING
44801,LAC_ES_FF-VIP
44802,ffprivalia
44901,VenteFlashLightPearl
45001,CRM_FWNL
45101,CRM_FWMEDIA
45201,ffveepee
45301,serums-sale
45401,CRM_RETENTIONMEDIAMAR22
45501,CRM_RETENTIONNLMAR22
45601,DE-confidenceinacream
45701,DE-byebyeundereye
45801,DE-yourskinbutbetter
45901,DE-byebyepores
45902,DE-heavenlybrush
46001,CRM_TR_CY9NL3F
46101,CRM_TR_CY9NL2
46201,CRM_TR_CY9NL1F
46301,MARCH_PAYDAY_AFF
46401,skin_skin_springpromo
46501,eshadefinder
46601,midnight-sale
46701,CRM_TR_CY9NL3H
46801,ccdss-sale
46901,CRM_TR_CY9NL1H
47001,FRENCHDAYVIP
47101,CRM_RETENTIONNLAVRIL22
47201,CRM_RETENTIONMEDIAAVRIL22
47301,frenchdayvip
47401,friendsandfamilysale
47501,BIODAYS
47601,ARMANI_01-05-2022_MEMBERDAYS
47701,IT-KIE-MAG-2022-F&F-SC
47801,AVP_MEMBRESCERCLE
47901,travel_sizes
48001,CRM_FDMMEDIA
48002,CRM_FDMNL
48101,CRM_PROSPECTSFDMNL
48201,520_day
48301,520flashsale
48401,CRM_RETENTIONMEDIAMAI22
48501,CRM_RETENTIONNLMAI22
48601,test_media22
48701,serum_week
48801,udbbdd
48901,LAC_UK_Loyalty_Tier1
48902,LAC_UK_Loyalty_Tier2
49001,CRM_FDPNL
49101,CRM_FDPMEDIA
49201,CRM_TR_BIRTHDAYF1
49202,CRM_TR_BIRTHDAYH1
49301,LAC_UK_2021_BF_SITEWIDE
49401,CRM_TR_BIRTHDAYH2
49501,CRM_TR_BIRTHDAYF2
49402,CRM_TR_BIRTHDAYF3
49601,CRM_VPNL
49701,kieflashsale
49801,AVPSOLDES
49901,CRMcustomer
50001,LAC_UK_BOGODM
50101,CRM_VPMEDIA
50201,emailsale
50301,CRM_RETENTIONMEDIAJUIN22
50401,CRM_RETENTIONNLJUIN22
50501,LAC_UK_Loyalty_Tier3
50601,vitcjuly
50701,es-veepee-junio22
50801,VIPSUMMER
50901,PRIVILEGE
51001,CRM_JOURNEESBEAUTENL
51101,midnight
51201,CRM_TR_CY10NL2
51301,CRM
51401,CRM_TR_CY10NL3F
51501,CRM_TR_CY10NL3H
80301,VIP
51601,PRIVILEGE22
51701,CRM_RETENTIONMEDIAJUILLET22
51801,CRM_RETENTIONNLJUILLET22
51901,520_day1
52001,aftersun
52101,iconic-days-august-2022
52201,CRM_RETENTIONMEDIAAOUT22
52301,CRM_RETENTIONNLAOUT22
52401,CRM_Questinactifs22
52501,CRM_Cancellation
52601,CRM_OFFRELIBRENL
52701,IT-KIE-SEP-2022-SUPER-FF
52801,CRM_RETENTIONMEDIASEPTEMBRE2
52901,CRM_TR_CY10NL1F
53001,CRM_RETENTIONNLSEPTEMBRE22
53101,CRM_TR_CY11NL2
53201,CRM_TR_CY10NL1H
53301,CRM_TR_CY11NL3H
53401,MEDIA_LIBREPARFUM
53402,CRM_TR_CY11NL1H
53501,CRM_TR_CY11NL3F
53601,CRM_TR_CY11NL1F
53701,CRMRETENTIONMEDIASEPTEMBRE22
53801,CRM_FRENCHDAYSNL
53901,LMTEST
54001,DE-free-express-shipping
54101,FRAGRANCE_FINDER
54201,CRM_WELCOMEBACK
54301,journeesprivileges22
54401,skcfluencers
54501,profile1
54601,JOURNEES_BEAUTE_NL
54701,JOURNEES_BEAUTE_SMS
54801,CRM_RETENTIONNLOCTOBRE22
54901,THEBRADERY
55001,CRM_RETENTIONMEDIAOCTOBRE22
55101,MEDIA_BOUGIEBO
55201,promoveepee
55301,singles-day-2022
55401,promoprivalia
55501,bfcm-presale-crm-2022
55601,secretsale
55701,routine-sale
55801,singles-day-aff-2022
55901,LAC_UK_2022_BF_CRM
56001,JOURNEESPRIVILEGES22
56101,ARMANI_01-11-2022_CRM
56102,CRM_OFFRE_SERVIETTES
56201,short-shipment-test
56301,ARMANI_01-11-2022_AFFILIATE
56401,3for2
56501,ARMANI_07-11-22-DEALMOON
56601,CRM customers_privatesales
56701,srp
56801,CRM_OFFRE_PARFUMS
56901,LAC_UK_2022_BF_AFF
57001,ACCESVIP
57002,singles_day_AFFILIATE
57101,singles_day_CRM
57201,CRM_JOURNEESGOLD_NL
57202,IT_LANCOME_11_22_VipDays-SC
57301,presingles
57401,CRM_JOURNEESGOLD_MEDIA
57402,bfcm-presale-aff-2022
57501,ARMANI_17-11-2022_BF_CRM
57601,LRPVIPEA_BF
57701,DECVIPEA_BF​
57801,SKCEA_PROSPECTS_BF
57901,LRPVIPEA_BF_COMMUNITY
58001,SKCEA_SHOPPERS_BF
58101,IT_LAC_11_22_BlackFriday_VIP
58201,CRM_JOURNEESGOLD_SMS
58301,blackfridaysale
58401,ARMANI_16-11-2022_ANNA1
58501,CRM_BF_SMS
58601,CRM_BF_NL
58701,BLACKFRIDAY30
58801,MEDIA_TROUSSELIBRE
58901,CRM_BF_MEDIA
59001,profile2
59101,profile3
59201,excbf
59301,CRM_CYBERMONDAY_NL
59401,MEDIA_PARFUMSHOMMES
59501,DoctorAffiliation
59601,MEDIA_LASHCLASH
59701,CRM_NOEL_MEDIA
59801,mlp
59901,CRM_NOEL_NL
60001,CRM_welcomevip
60101,CRM_welcomeunder
60201,CRM_welcomepromising
60301,CRM_BIGGWP_NL
60401,CRM_AventCPL12
60501,Special Price Dec 2022
82201,bp
60601,IT_KIE_GEN_2023_SALDI_SC
60701,ARMANI_26-12-2022_CRM
60801,YOTR_AFFILIATE
60901,wintersales
61001,CRM_VP_NL
61101,CRM_VP_MEDIA
61201,CRM_VP_SMS
61301,adventsale
61401,ysl-flash-offer-2023
61501,CRM_TR_CY12NL2
61601,CRM_TR_CY12NL1F
61602,CRM_TR_CY12NL3F
61701,MEDIA_BOBOUGIE
61801,lunar_new_year
61901,CRM_TR_CY12NL3H
61902,CRM_TR_CY12NL1H
62001,black-opium-nft
62101,influence-noholita-012023
62201,CRM_RETENTIONMEDIA23
62202,CRM_RETENTIONNL23
62203,MEDIA_BOMINI
62204,MEDIA_BOMINI_LENS
62301,ysl-cny-offer-2023
62401,YOTR
62501,YOTR_CRM
62601,VDAY_CRM
62701,VDAY_AFFILIATE
62801,CRM_STVALENTIN_MEDIA
62802,CRM_STVALENTIN_NL
62901,CRM_STVALENTIN_SMS
63001,SANVALENTINO
63101,IT_KIE_FEB_2023_FF_SC
63201,CRM_REPLENLVDP
63301,CRM_TROISLVDP
63401,CRM_CROSSPREMIUM
63501,ultra
63601,CRM_EXCEPTION_MEDIA
63701,CRM_EXCEPTION_NL
63801,promoveepe
63901,BIENVENUE
64001,vipsale
64101,BRADERY15
64201,SAPHOO20
64301,CRM_JRNEXCLU_MEDIA
64401,ysl-mday-offer-2023
64501,BOGOF_08.03.23_AFF_SC
64601,CRM_JRNEXCLU_NL
64701,BOGOF_08.03.23_CRM_SC
64801,CRM_BEAUTYDAYS_NL
64901,CRM_BEAUTYDAYS_MEDIA
65001,CRM_TR_CY123NL2
65101,CRM_TR_CY123NL1H
65102,CRM_TR_CY123NL3H
65201,CRM_TR_CY123NL1F
65202,CRM_TR_CY123NL3F
65301,BOGOF_08.03.23_DEALMOON_SC
65401,felicidad-veepee
65501,CRM_FRAGWEEK_NL
65601,CRM_FRAGWEEK_MEDIA
65701,VITC_CRM
65801,LAC_UK_SPRINGSALE_CRM
65901,VITC_AFFILIATE
66001,lacfidelite
66101,CRM_JRNBEAUTE_MEDIA
66201,AOX_PURCHASERS​
66202,AOX_NONPURCHASERS​
66301,CRM_JRNBEAUTE_NL
66401,ysl-iconic-days-presale-2023
66501,inf042023
66601,veepee-042023
66801,EXCLUSIVITE
66901,UNIDAYS
67001,LASTCHANCE
67101,KLARNA
67301,IT_KIE_MAG_2023_FF_SC
67401,freeTest
67501,LAC_UK_FRIENDSFAMILY_CRM
67601,SETS_AFFILIATE
67701,CRM_FDM_RCS
67801,CRM_FDM_MEDIA
67802,CRM_FDM_NL
67901,ffvip23may
68001,50GENEROUS
68101,CRM_FDP_MEDIA
68102,CRM_FDP_NL
68201,influence-noholita-052023
68301,inf052023
68401,HRCRMCRYO
68501,HRCRM618
68601,soleil062023
68701,vacances062023
68801,DE - Private sale CRM
68901,spotscan
69001,CRM_CROSSMIX
69101,WKD-SC-VIP
69201,robin
69301,DE-LAC-SRC-SUMMERSALE
69401,loyalty
69501,CRM_ETE_NL
69601,NL_Family_friends
69701,CRM_ETE_MEDIA
69801,2023TRAINS_JS
69901,14juillet
70001,performance_a
70101,DE-social-campaign
70201,VipGroup
70301,CRM_RENTREE_NL
70401,CRM_RENTREE_MEDIA
70501,CRMLRPSEPTPROMO
70601,sett23fest_vip
70701,early-access
70801,CRM_FRDAYS_NL
70901,CRM_FRDAYS_MEDIA
71001,bb23
71101,CRM_MEMBRES_NL
71201,autumnsale
71301,CRM_MEMBRES_MEDIA
71401,calendarvp
71501,CRMSKINCCommunity
71601,CRMLRPSkinHeroes
71701,CRMSKINCRAFBuyers
71801,veepeehalloween
71901,bbox23
72001,PPC_GWP
72101,yourexclusive
72201,CRMSKINCMedicalMonth
72301,blackWeekCRM
72501,cyberDaysCRM
72601,CRM_BUYERS
72701,singlesDayCRM
72801,CRMLRPSlotEarlyAccess
72901,singlesdayexclusive
73001,dealmoonexclusive
73101,singleday
73201,KIM30
73202,PPC_SINGLESDAY
73301,HAPPIVERSEVIP
73401,CRM_JRNAUDACIEUSES_MEDIA
73501,CRM_JRNPARF_NL
73601,CRM_JRNPARF_MEDIA
73701,blackfriday
73801,earlyaccess
73901,CRM_PROSPECTS
74001,blackmonth
74101,CRM_JRNAUDACIEUSES_NL
74301,IT-LAC-bogof-23-SC
74401,festiveseasonCRM
74501,CRM_pre_blackfriday
74601,backinstock
74701,promopouch
74801,private-sales
74901,NOELVIP23
75001,CRMSKINCRAFProspects
75101,src=SRP
75201,lancomeveepee
75301,privatesales
75401,loyaltycampaign
75501,loyaltypromo
75601,loyaltydiscount
75701,wintersalesvip
75801,voucher
75901,lovecal23
76001,lancomebienvenue
76101,promotion
76201,CRM_SKCAGEPreviousPurchasers
76202,CRM_SKCRegimenPreviousPurcha
76301,loyaltypromos
76401,CRM_SKCRemainingAge
76501,members24
76601,CRM_LRPJanPromo
76701,loyaltycampaigns
76801,20mloffer
76901,CRM_RETENTIONMEDIA24
76902,CRM_LRPWinterExpertAgeing
77001,CRM_SKCKerastasePhishing
77101,valentines24
77201,ysl-flash-offer-2024
77301,bogof
77401,bogof24
77501,TEST-SOURCECODE
77601,CRM_LRPSpotscanFocus
77701,towel0124
77702,amici-nl
77801,CRM_RETENTIONNL24
77901,dealmoonvip24
78001,CRM_STVAL_NL
78101,CRM_STVALMEDIA
78201,pouch24
78301,CRM_LRP_MelaLaunch2nd
78401,CRM_LRP_MelaLaunch1st
78601,CRM_LRP_FebPromo
78701,balm24
78801,CRM_SKC_FebPromo
78901,friendsandfamily
79001,HRCNY24
79101,CRM_SKC_CEDDKit
79201,CRM_SKC_PhloretinDDKit
79301,CRM_SKC_SilymarinDDKit
79401,CRM_SKC_NonBuyerDDKit
79501,bafta
79601,tiersave
79701,cartdiscount
79801,lancomegift
79901,CRM_LRP_MarchPromo
80001,cartgwp
80101,CRM_LIBRE_NL
80201,CRM_SKC_AOXEducation
80401,CRM_PREACCESO
80501,acne
80601,snaplens
80701,CRMTRIGGER_LRP_Crossell1_032
80801,CRMTRIGGER_LRP_Crossell2_032
80802,CRMTRIGGER_LRP_Crossell3_032
80901,CRM_LRP_121sFocus
81001,LOVEDUO
81101,CRMTRIGGER_LRP_Abandoncart2
81201,CRMTRIGGER_LRP_Abandoncart1
81301,bradery
81401,CRM_SKC_121NBBuyers
81402,CRM_SKC_121NBProspects
81501,CRM_SKC_121Kerastase
81601,ssclub
81701,bdayloy
81801,CRMTRIGGER_LRP_Replen2
81802,CRMTRIGGER_LRP_Replen3
81803,CRMTRIGGER_LRP_Replen4
81901,CRMTRIGGER_LRP_Replenishment
82001,CRM_LRP_EffaclarDermEdit
82101,tsymember
82301,CRM_SKC_VitCDayDB
82401,CRM_SKC_VitCDayVIPS
82501,CRM_SKC_VitCDayTS
82601,exclusive
82701,CRM_SKC_TSPromo
82801,CRM_SKC_SofiaBundle
82901,ffapril
83001,VALENTINOFAMILY
83101,CRM_EARTH_NL
83201,frenchdays
83301,CONSULTS_SKC_Modiface15
83401,gala
83501,showroom
83601,beaute
83701,CRM_SKC_CCPreLaunch
83801,coffretsfdm
83901,CRM_FRENCHDAYS_NL
84001,crm_vipclub
84101,CRM_SKC_CCCLaunch1
84201,CRM_SKC_CCCLaunch2
84301,CRM_FRENCHDAYS_MEDIA
84401,LANVP
84501,CRM_PRIVILEGES_NL
84601,CRM_PRIVILEGES_MEDIA
84701,CRM_SKC_MayVIPPromo
84801,CRM_LRP_SunSafety
84901,CRM_LRP_MayPromo2
85001,CRM_LRP_MayPromo1
84902,CRM_LRP_DBPromo
85201,lanff
85301,CRM_SKC_TSPromo2
85401,CRM_LRP_SamplingSurvey
85601,VIPEXCLU
85701,CRM_LRP_JunePromo
85801,crmvip
85901,media
86001,CRM_SkinC_BuyersPoll
86101,CRM_LRP_121sRebooking
86201,POS
86301,CRMTRIGGER_LRP_SampleToFull1
86302,CRMTRIGGER_LRP_SampleToFull2
86401,CRMTRIGGER_LRP_SampleToFull3
86501,CRMTRIGGER_LRP_MissYou6mBuye
86601,CRMTRIGGER_LRP_MissYou6mPros
86701,CRMTRIGGER_LRP_Birthday1Enga
86702,CRMTRIGGER_LRP_Birthday1NotE
86703,CRMTRIGGER_LRP_Birthday2Enga
86704,CRMTRIGGER_LRP_Birthday3NotE
86801,CRMTRIGGER_LRP_Birthday2NotE
86802,CRMTRIGGER_LRP_Birthday3Enga
86901,CRM_SkinC_PromoLoyaltyTest
87001,CRM_SkinC_PromoDB
87101,CRM_SkinC_IntegratedSkincare
87201,FESTIVAL
87301,CRM_LRP_AntheliosFocusA
87401,summersales
87501,CRM_LRP_AntheliosFocusB
87601,CRMTRIGGER_LRP_Welcome2Buyer
87702,CRMTRIGGER_LRP_Welcome2Prosp
87901,CRMTRIGGER_LRP_Welcome4Prosp
87902,CRMTRIGGER_LRP_Welcome3Prosp
87903,CRMTRIGGER_LRP_Welcome4Buyer
88001,CRMTRIGGER_LRP_Welcome3Buyer
88101,CRM_SkinC_SofiaRitcheIntegra
88201,CRM_LRP_ChooseYourPromo
88401,ecentimepromos
88501,CRM_LRP_UnidaysWelcome2
88601,CRM_LRP_AntheliosWimbledon
88701,CRM_LRP_BudgetSkincare
88801,CRM_SkinC_PTPreLaunch
88901,tripleserumyeux
89001,CRM_LRP_Anthelios2
89101,CRM_LRP_PersonalisedEffaclar
89102,CRM_LRP_PersonalisedCicaplas
89103,CRM_LRP_PersonalisedTolerian
89201,CRM_LRP_UnidaysWelcome3
89301,CRM_SkinC_PTIOXLaunch1
89401,CRM_SkinC_PTIOXLaunch2
89501,CRM_LRP_NonClickersPromo
89601,CRM_SkinC_PTIOXKeyTechnology
89701,CRM_LRP_CleansingWeek
89801,skinexpert
89901,chatbot
90001,CRM_LRP_CleansingWeekA
90101,CRM_LRP_CleansingWeekB
90201,CRM_LRP_AntheliosHolidayA
90301,CRM_LRP_AntheliosHolidayB
90401,summersale
90501,CRM_SkinC_SamplingSurvey
90601,absoluepromo
90701,CRM_LRP_PromoAnthelios20
90801,CRM_SkinC_PTIOXReviews
90901,CRM_LRP_UnidaysWelcome4
91001,CRM_SkinC_HAPurchasers
91101,sept2024f&fvip
91201,CRM_LRP_AndyMurray
91301,CRM_LRP_LipikarHydration
91501,ARLETTIENL
91601,CRM_LRP_PromoEffaclar
91701,ARLETTIEWEB
91801,CRM_LRP_BackToSchool
91802,CRM_LRP_SpotscanSolus
91901,CRM_SkinC_LoyaltyTest10
92001,CRM_SkinC_LoyaltyTestAOX
92101,CRM_LRP_BackToSchoolA
92201,CRM_LRP_BackToSchoolB
92301,LanFF2024
92401,CRM_SkinC_HAIMGLaunch
92501,CRM_SkinC_HAIMGEducation
92601,CRM_SkinC_WebsiteLaunch
92701,CRM_LRP_EczemaDay
92801,CRM_LRP_BlemishFocusA
92901,CRM_LRP_PromoToleriane
93001,CRM_LRP_BlemishFocusB
93002,CRM_LRP_BlemishFocusC
93101,CRM_SkinC_CommunityFocus
93201,ac24
93301,CRM_SkinC_HAvsPTIOX
93401,CRM_LRP_CommunityFocus
93501,ffsep
93601,CRM_SkinC_HAIMGReviews
93701,CRM_SkinC_LoyaltyTest
93801,skinclub
93901,ARLETTIEXVAL
94001,CRM_LRP_CicaplastB5A
94101,CRM_LRP_OncologyA
94201,CRM_SkinC_PlumpRoutineA
94301,CRM_LRP_CicaplastB5B
94401,VIPMEMBER
94501,CRM_LRP_Oncology
94601,CRM_SkinC_AntiAgeing
94701,CRM_LRP_PromoEffaclarVIP
94801,CRM_LRP_SpotscanCoach
94901,veepeeoct
95001,privalia
95101,CRM_LRP_DialADermWaitlistOpe
95201,PERTE11
95301,CRM_SkinC_BFisComing
95401,CRM_LRP_BlackFridayLive
95501,CRM_SkinC_BLackFridayLive
95601,CRM_LRP_BFCountdown
95701,CRM_SkinC_SWPromoRoutineFind
95801,CRM_LRP_AntiAgeing
95901,CRM_SkinC_BFWishlistCompetit
96001,CRM_SkinC_SWPromoBestSellers
96101,LUCKYFRIDAY30
96201,bfloyalty
96301,CRM_SkinC_SWPromoOurRecommen
96401,CRM_LRP_BFEarlyAccess
96501,CRM_LRP_BFCRMExclusive1
96601,CRM_SkinC_GWPOrderApology
96701,CRM_SkinC_SWPromo
96801,FRIDAY30
96901,drstore
97001,CRM_LRP_BFCRMExclusive2
97101,CRM_SkinC_MembersWeekCountdo
97201,CRM_LRP_Bestsellers
97301,CRM_SkinC_SWPromoRepush
97401,CRM_LRP_BFCRMExclusive1Repus
97501,CRM_LRP_DialADermBookingData
97601,avantBF
97701,CRM_LRP_DialADermBookingRepu
97801,yifenqian
97901,CRM_SkinC_MembersWeekLaunchA
98001,CRM_LRP_BFCRMExclusive3
98101,CRM_SkinC_MembersWeekLaunchB
98201,CRM_SkinC_SWCountdownEnd
98301,CRM_SkinC_MembersWeekRemindA
98401,bb24
98501,CRM_SkinC_MembersWeekRemindB
98601,CRM_LRP_DialADermEnd
98701,CRM_SkinC_MembersWeekEndingA
98801,CRM_SkinC_MembersWeekEndingB
98901,CRM_LRP_BFisEnding
99001,CRM_SkinC_PromoEndin
99101,CRM_SkinC_MembersWeekLastCha
99201,CRM_SkinC_MembersWeekB
99301,CRM_SkinC_VirtualBundles
99401,CRM_LRP_WinterSuncare
99501,CRM_LRP_PromoExpertAgeingEA
99601,CRM_LRP_PromoExpertAgeingSit
99701,Fragrance
99801,CRM_SkinC_LastMinuteGits
99901,CRM_LRP_LastMinuteGifts
100001,ARMANIARLETTIE
100101,ARLETTIEARMANINL
100201,ARLETTIEARMANIWEB
100301,ARLETTIENL25
100401,ARLETTIEWEB25
100501,love
100601,paydaytreat
100701,ourgift
100801,dealmoonbday
100901,shopping-promo
101001,mlc
101101,CARITAVP
101201,bfmarch
101301,saletreat
101401,shoppingpromoch
101501,easteregghuntpl
101601,easteregghuntro
101701,easteregghunthr
101801,easteregghuntbg
101901,easteregghuntcz
101902,easteregghunthu
102001,easteregghuntrs
102101,easteregghuntsi
102201,easteregghuntsk
102301,easteregghuntbe
102401,easteregghuntnl
102501,WELCOMEBACK
102601,LEAD_VOUCHER
102701,idealopromode
102801,easteregghuntdk
102901,easteregghuntse
102902,easteregghuntno
103001,kievp
103101,2025cb
103201,lacmid
103301,richard2609
103401,socharmante
103501,justezoe
103601,YSLMEDIA
103701,vpvipnewsletter17062025
103801,sbf
103901,REFILLDAY
104001,ARLETTIENL0625
104101,ARLETTIEWEB0625
104201,lacgoogle
104301,lacaff
104401,lacmeta
104501,ARLETTIECARWEB0725
104601,ARLETTIECARNL0725
